91,189,131,36,189,255,158,239,191,232,154,76,238,252,87,164,156,111,255,149,141,107,187,220,187,223,15,191,202,118,59,93
217,207,247,119,178,26,111,189,117,206,86,240,107,99,155,247,54,230,108,238,248,221,173,47,250,239,100,128,38,182,169,105
23,211,111,143,52,214,111,248,117,200,215,102,121,254,191,100,126,237,63,239,201,147,45,237,176,46,175,132,45,183,48,117
24,156,59,251,50,228,57,247,124,65,78,16,189,191,34,96,231,63,63,17,51,153,49,119,203,239,58,65,48,0,165,251
18,183,82,170,90,193,158,237,133,4,217,163,108,223,40,64,126,187,139,227,90,3,10,255,179,132,138,235,53,134,165,155
74,147,92,171,234,153,184,187,46,29,89,255,173,14,206,202,167,27,167,21,150,24,143,213,14,83,122,239,156,6,137,151
45,189,248,235,236,125,87,255,95,248,124,40,255,117,203,112,147,202,22,122,223,122,251,185,239,221,37,61,242,251,198,243
2,189,54,154,255,253,176,227,159,93,88,63,172,252,126,0,175,59,215,21,182,107,58,247,31,20,26,235,221,76,167,223
61,159,114,99,247,159,87,248,87,172,125,110,91,121,174,48,63,248,150,98,252,178,120,191,107,207,37,244,119,171,66,227
141,154,172,159,79,212,177,184,214,95,92,54,232,246,170,238,93,106,166,204,135,92,254,179,79,103,239,143,154,110,60,255
95,19,162,172,189,148,222,9,203,204,158,71,236,252,119,230,220,229,253,245,221,11,246,200,187,125,143,155,142,38,184,87
111,189,224,147,221,229,127,247,51,253,108,143,56,255,86,80,237,235,179,213,147,90,218,247,127,28,149,234,155,212,246,218
171,127,239,71,198,114,239,53,112,198,215,214,89,44,151,115,126,238,22,239,173,210,117,238,118,47,254,128,47,247,246,252
216,120,30,172,25,134,88,70,172,140,194,5,143,131,33,210,224,189,205,160,104,143,144,12,241,225,170,153,32,48,45,10
174,247,104,74,252,205,95,253,47,124,61,173,79,205,254,20,150,218,215,103,218,50,170,183,251,217,37,239,86,158,214,115
205,185,241,65,230,93,251,144,107,104,54,108,158,221,213,180,55,92,126,110,195,48,188,115,103,93,37,180,127,181,67,253
62,255,114,122,246,219,255,240,125,192,125,175,121,237,183,53,63,251,151,238,241,243,44,255,126,79,101,234,119,255,103,241
248,164,189,114,157,125,81,79,115,127,165,24,11,61,94,187,137,150,248,16,62,111,251,151,219,219,80,127,195,77,206,102
38,235,248,94,250,209,127,253,187,13,125,168,104,231,142,52,94,250,135,218,82,42,234,127,127,191,36,171,243,146,230,235
98,137,160,143,173,45,222,166,79,97,218,11,172,44,118,66,204,195,191,199,204,58,211,241,181,60,222,187,21,94,217,74
225,29,61,197,244,143,237,55,76,232,126,64,180,53,176,97,196,50,62,40,241,56,49,31,229,153,182,128,88,216,209,57
252,48,188,122,173,127,81,8,247,255,181,24,219,221,75,59,153,212,252,58,62,103,251,146,211,219,113,127,210,127,206,99
46,173,164,90,221,189,212,207,251,191,173,25,42,252,94,190,137,210,251,21,158,107,251,243,27,95,21,123,195,92,222,206
42,175,160,16,253,189,248,198,219,125,188,141,142,172,86,4,141,43,199,21,150,122,230,241,62,93,25,255,215,76,223,223
2,217,182,190,105,140,188,239,255,25,122,32,252,254,44,64,166,123,127,65,194,169,138,241,165,249,126,138,80,0,161,139
162,233,98,195,213,213,254,229,31,1,120,3,40,152,60,128,248,235,147,210,86,186,16,255,63,28,134,227,21,30,246,142
165,252,235,91,244,239,119,215,127,107,118,52,242,253,159,124,217,126,23,24,171,252,121,127,111,31,181,194,206,217,212,115
242,167,98,86,209,148,124,103,185,165,231,159,40,143,54,21,236,175,209,140,124,159,144,207,51,120,148,235,7,132,250,14
236,251,238,94,207,93,181,252,215,222,246,191,233,253,255,175,77,126,255,71,231,111,255,177,127,123,119,191,123,124,255,255
2,189,38,154,253,221,180,103,175,93,89,63,172,220,118,0,175,43,215,21,214,123,50,245,63,28,30,235,223,76,191,223
8,72,189,225,108,237,49,22,134,181,78,2,183,181,97,74,77,56,43,16,0,56,115,48,205,129,127,32,144,217,5,234
220,92,46,247,36,46,79,176,213,234,150,8,255,57,19,75,192,228,125,110,232,245,81,170,243,251,229,16,34,249,80,122
63,151,96,202,253,55,206,248,23,104,125,238,75,104,158,213,94,204,151,238,185,50,109,222,62,124,161,236,191,239,218,245
46,107,232,75,252,83,207,216,67,228,253,175,67,205,223,48,88,200,151,254,142,50,238,184,110,77,165,189,247,191,94,244
226,129,46,158,77,197,244,97,141,72,211,27,104,222,60,67,232,179,243,129,120,167,146,205,147,56,218,11,1,12,244,210
24,156,191,249,151,228,49,87,254,65,102,16,191,159,34,96,227,59,59,17,50,188,50,87,201,239,58,73,144,0,165,226
7,245,197,19,193,141,239,223,187,251,61,93,88,235,94,30,61,78,83,222,211,82,154,226,110,30,141,228,203,247,211,211
250,94,22,248,105,145,84,246,173,30,190,125,46,211,167,215,199,179,237,66,104,7,2,255,178,243,118,155,26,84,44,27
58,241,188,250,185,213,85,221,163,93,173,41,46,223,106,182,205,187,205,2,78,75,250,177,251,209,21,123,50,214,142,123
227,189,107,70,220,167,239,191,19,233,254,94,112,125,20,48,93,222,119,188,187,186,249,127,127,61,165,196,205,226,242,249
130,205,38,153,213,215,188,231,220,86,82,19,168,60,54,193,237,59,147,225,244,188,53,255,45,26,222,195,21,28,189,206
195,42,247,255,100,34,120,24,59,147,243,240,253,251,181,126,119,253,63,152,160,210,143,200,198,254,219,128,164,241,97,40
90,184,178,254,155,252,17,143,187,95,133,57,174,253,74,110,165,123,237,17,22,77,186,163,219,247,30,123,130,84,135,123
1,180,61,97,213,111,225,191,125,113,110,24,190,21,12,49,145,26,82,24,179,248,113,55,111,223,20,68,192,0,199,184
122,209,97,74,93,220,219,232,169,69,237,138,235,221,62,180,248,177,211,67,75,43,250,253,51,253,130,123,119,142,78,254
43,185,97,12,125,221,81,111,75,253,188,46,42,220,214,180,140,187,215,17,143,107,254,221,63,93,21,251,87,14,94,255
3,145,18,147,229,189,172,71,61,19,81,80,140,186,32,232,207,59,147,17,23,184,80,241,4,22,90,66,156,72,153,149
223,84,103,205,100,54,107,120,229,194,223,198,89,206,191,247,126,229,127,239,169,149,53,206,214,107,235,132,47,183,112,116
252,212,185,126,173,111,222,190,91,235,185,24,222,125,29,58,157,211,125,34,249,102,121,187,251,223,117,60,216,121,195,51
231,23,108,7,236,6,79,184,96,234,191,205,83,105,159,83,124,196,125,238,253,211,237,12,118,43,229,148,45,243,90,81
161,14,26,63,180,175,103,183,124,42,114,92,247,105,145,88,181,110,108,46,248,188,65,62,228,175,117,144,104,249,210,9
154,190,190,182,51,176,62,119,181,143,95,183,111,238,162,209,167,251,173,135,108,221,174,239,250,227,126,131,34,196,175,95
254,186,140,179,169,249,88,138,155,191,144,57,175,236,75,154,137,243,237,145,62,77,218,178,139,215,253,255,192,37,14,95
18,156,6,181,19,243,184,39,31,229,74,183,173,174,6,64,207,63,187,129,62,216,81,223,141,118,154,195,132,12,157,222
24,56,30,224,3,167,122,114,44,166,138,1,159,3,1,16,230,177,237,130,8,157,17,78,211,197,170,1,34,33,39,43
9,63,123,101,242,222,127,119,100,204,126,228,185,159,147,180,54,126,223,252,193,184,181,140,110,233,38,128,111,150,111,249
52,105,137,160,204,1,204,200,6,176,128,10,145,192,121,11,88,200,34,255,72,99,223,176,176,0,207,60,53,123,112,128
88,223,31,239,48,211,70,176,132,8,207,98,119,119,160,224,116,242,156,234,105,129,41,189,243,231,162,144,58,186,172,57
173,183,17,65,176,47,67,152,62,175,53,252,223,3,200,220,21,4,14,126,177,20,105,22,204,222,33,244,154,139,193,113
126,249,243,70,235,80,95,232,171,183,173,170,72,255,206,182,119,223,241,226,80,83,174,224,59,223,197,127,167,247,230,231
126,109,242,68,219,208,94,231,163,132,188,170,105,255,71,182,43,247,245,208,92,75,166,226,59,253,133,235,167,118,238,46
165,57,185,209,180,191,225,211,222,249,176,88,146,184,212,43,201,74,86,89,191,246,240,2,141,155,247,252,200,121,211,129
163,95,107,74,252,149,175,254,93,72,124,230,56,140,183,37,126,42,23,238,227,47,38,255,54,24,166,136,95,158,241,253
10,249,122,200,95,213,178,230,238,65,124,3,60,220,38,32,166,59,211,81,87,43,178,245,123,109,10,75,81,14,231,251
130,191,86,146,254,153,180,231,157,196,112,239,172,236,231,131,174,115,199,85,246,248,70,238,62,16,62,251,205,220,141,159
159,84,103,205,52,22,107,120,245,194,215,166,89,206,183,101,126,189,63,239,233,151,53,206,246,107,235,132,47,183,112,244
88,150,121,229,178,66,125,63,52,239,158,179,223,55,138,80,55,151,125,160,120,221,161,14,251,231,127,213,36,160,165,123
9,57,179,101,101,94,111,113,121,232,118,72,190,189,21,180,180,126,118,74,193,176,177,234,71,254,0,2,106,174,66,188
181,215,63,111,22,14,230,57,84,104,83,102,115,120,188,97,124,132,20,111,253,176,61,29,227,170,101,196,125,170,208,33
230,148,150,184,157,103,94,235,159,91,200,27,204,254,46,75,221,215,255,49,56,7,91,214,187,254,207,95,144,109,165,83
63,119,110,110,210,19,95,252,21,196,255,231,91,239,191,52,126,253,151,230,237,178,45,206,114,207,165,133,127,255,238,217
230,232,148,186,141,237,84,239,159,63,129,24,206,248,104,75,193,83,235,19,50,111,218,179,137,210,87,127,144,89,213,2
212,23,126,229,162,66,93,59,52,142,159,179,215,103,130,83,119,151,253,162,120,137,33,14,251,231,239,149,36,224,165,115
100,144,157,241,204,109,81,152,23,185,167,24,214,119,72,123,209,150,123,56,27,98,251,16,207,155,85,124,144,9,196,50
86,4,238,229,180,106,107,90,101,170,222,18,91,58,149,127,122,213,127,169,184,243,165,200,211,251,235,133,167,225,115,38
7,175,100,145,247,187,180,199,95,189,122,119,164,184,246,36,187,43,18,21,182,248,79,222,46,30,31,230,221,76,217,207
99,124,210,85,99,107,116,110,63,226,238,141,106,231,7,20,63,190,234,12,1,210,209,91,118,190,85,34,202,244,74,156
28,185,62,224,189,79,182,115,239,233,191,45,159,159,96,2,166,21,223,35,208,33,57,212,251,221,43,247,64,11,133,83
66,147,123,28,178,186,56,35,252,45,203,245,172,174,166,112,166,191,110,129,148,153,164,85,20,52,58,195,12,0,165,95
208,92,187,254,176,198,55,183,188,138,222,112,247,183,161,96,247,127,63,10,97,157,56,110,241,167,62,128,144,114,165,59
239,206,99,199,53,126,235,184,121,174,223,18,249,97,157,100,121,220,29,234,168,180,253,239,119,190,131,132,103,187,84,100
13,175,157,99,180,46,107,184,118,169,107,64,215,115,137,240,17,78,108,122,155,240,217,62,237,237,37,68,200,227,66,33
222,222,238,190,250,166,30,242,191,207,223,247,108,239,191,88,247,247,255,167,180,199,14,239,250,119,239,219,141,119,175,83
208,31,238,103,162,104,52,7,168,119,143,189,199,61,2,90,166,87,253,16,28,217,209,35,206,231,124,209,164,192,156,91
5,172,201,235,232,173,239,154,62,123,124,208,213,230,216,112,95,91,126,158,147,18,251,115,205,143,191,236,220,211,195,241
169,225,99,235,84,153,238,253,87,64,116,199,57,201,188,164,122,138,23,204,231,190,70,191,110,77,164,192,127,142,250,136
221,15,208,255,161,114,93,155,115,143,118,48,239,99,139,223,87,110,173,152,58,216,235,170,202,255,246,129,182,245,168,75
45,154,236,156,95,211,179,184,150,255,84,134,233,229,170,237,89,104,162,104,167,124,62,189,79,199,245,173,191,173,92,215
34,63,240,209,255,185,150,198,207,175,60,175,174,168,199,142,142,123,199,17,148,234,64,232,46,84,20,187,214,221,221,143
212,21,31,247,178,106,61,59,60,238,247,176,245,119,8,121,55,55,125,176,49,217,57,78,249,163,111,192,160,224,133,115
122,169,224,236,255,16,90,222,3,69,220,139,41,175,118,212,94,223,151,205,138,26,224,235,55,125,142,171,183,222,246,219
171,229,98,217,214,155,238,255,87,64,117,86,57,201,190,165,121,138,19,238,231,190,12,223,110,72,167,204,127,156,250,140
25,15,255,71,182,114,111,39,116,230,74,128,249,34,149,226,51,102,32,174,117,216,165,110,234,175,246,0,166,242,229,104
220,151,111,239,106,102,63,184,160,78,223,163,213,119,184,115,103,212,93,175,248,131,57,15,245,163,235,132,36,226,39,113
27,61,227,15,147,255,166,71,45,73,251,9,170,190,38,180,184,239,206,144,31,185,36,239,191,252,30,130,195,70,231,222
10,142,4,155,123,179,184,103,31,21,216,19,172,170,36,197,239,59,147,129,54,152,73,255,44,54,154,195,23,12,165,142
127,78,252,86,155,118,94,152,211,255,166,63,74,98,207,127,181,196,236,254,172,67,175,224,186,255,69,223,162,247,172,71
125,156,189,252,254,111,87,191,91,251,56,56,223,125,1,58,159,215,117,49,57,110,219,191,253,255,117,182,248,122,194,51
61,101,113,73,244,59,239,152,119,224,255,64,219,65,157,244,126,204,94,234,169,176,109,222,230,253,35,180,239,251,66,161
56,94,123,229,50,66,121,118,48,174,246,33,29,31,33,17,190,149,85,240,72,151,33,76,243,233,42,129,97,176,39,235
61,109,127,65,180,27,239,250,125,232,254,66,219,32,149,180,126,236,94,122,233,176,109,190,174,255,39,148,239,251,83,165
91,88,255,252,38,98,121,30,59,218,94,224,253,255,189,123,247,253,61,142,161,212,171,201,210,251,123,136,166,240,101,121
172,244,249,96,252,237,67,216,83,121,125,24,82,213,73,52,25,216,86,122,11,54,248,19,111,157,37,124,226,219,86,227
107,211,236,69,111,30,253,119,105,238,118,255,9,60,150,167,46,69,247,109,197,250,229,200,118,123,112,134,111,252,251,253
120,197,97,234,29,203,71,173,71,100,188,43,107,205,56,148,88,144,207,106,74,35,105,191,243,220,5,61,119,158,212,106
15,223,135,181,199,6,175,243,180,142,94,230,237,227,177,166,47,127,178,207,193,216,167,234,164,102,239,128,175,244,161,189
82,156,28,171,58,227,26,34,175,65,139,181,174,134,2,80,199,179,204,144,31,137,73,127,136,180,154,83,184,67,8,30
42,121,241,247,111,201,117,103,139,164,180,170,46,191,64,182,42,255,243,65,88,122,242,233,255,209,220,59,103,188,150,234
203,191,108,31,247,188,253,183,249,92,126,229,174,44,151,247,166,231,245,69,247,120,228,239,102,121,110,131,79,212,223,93
8,185,50,246,53,205,50,247,239,9,94,0,174,219,32,0,166,59,255,65,82,185,146,237,239,221,14,66,2,10,165,139
62,190,110,201,190,51,219,218,22,231,222,231,81,237,183,96,127,220,223,189,170,227,101,159,126,13,175,212,175,233,52,241
46,189,102,83,221,189,246,239,235,181,172,31,10,232,86,191,169,234,211,53,190,107,126,255,63,95,85,127,199,77,222,214
223,82,103,172,54,18,107,120,181,200,211,230,89,222,179,245,126,237,127,239,237,149,45,206,178,105,171,132,47,167,32,117
139,207,103,159,87,211,172,229,84,66,208,226,41,140,182,229,110,171,147,199,231,190,36,253,52,65,154,131,23,28,185,205
65,152,191,248,236,236,249,83,254,73,103,16,188,223,114,120,231,59,59,25,151,217,178,83,79,175,58,72,152,0,161,243
3,176,242,91,247,253,176,206,127,89,121,48,140,220,254,172,191,27,151,17,150,56,186,243,15,28,18,111,214,14,199,199
57,23,20,237,175,63,148,119,76,47,250,126,142,56,32,163,204,19,206,32,220,171,81,141,241,215,114,23,90,72,137,15
226,32,180,218,237,237,216,75,159,151,165,24,238,251,101,91,201,243,251,16,50,111,218,243,31,218,213,123,210,76,68,138
146,207,110,189,150,195,188,103,20,53,82,179,33,46,50,65,110,63,187,129,112,220,69,255,172,34,254,195,53,12,181,217
245,174,72,37,60,11,79,187,82,166,152,253,211,40,208,17,31,196,108,111,236,126,205,63,236,143,165,180,100,168,82,72
208,150,44,229,184,102,93,59,52,238,158,149,215,39,18,83,85,149,125,172,248,205,241,14,235,239,235,212,32,224,164,115
161,126,126,95,116,159,247,120,244,78,124,100,114,201,191,49,30,106,70,110,231,244,63,125,102,11,97,0,89,161,106,201
94,127,214,183,170,176,62,247,169,166,159,165,237,231,195,71,39,127,253,198,80,217,138,234,250,213,239,163,174,247,175,219
51,207,99,222,86,145,142,246,196,64,216,198,49,204,181,228,110,235,22,207,205,171,38,253,50,40,170,136,63,158,120,188
162,173,102,219,213,215,190,231,92,21,112,19,40,156,54,5,232,59,147,209,246,190,48,255,45,24,158,195,85,12,253,142
197,234,157,247,164,14,103,157,118,179,99,84,247,35,73,90,55,78,108,90,115,244,219,34,236,175,117,4,232,243,193,32
229,103,40,8,188,33,71,220,83,236,148,61,131,0,219,17,24,192,76,252,174,7,231,62,240,144,165,189,152,241,214,66
64,105,158,183,60,139,106,150,174,136,214,0,247,203,17,66,194,103,127,89,72,249,194,44,230,251,238,144,4,184,81,9
126,236,238,102,52,122,95,174,113,230,190,171,107,108,215,50,51,230,253,111,237,245,173,174,250,255,197,145,103,247,94,92
100,105,214,238,108,32,110,200,235,144,248,66,205,227,125,91,122,205,110,234,2,243,206,225,148,184,195,44,165,243,98,128
94,121,90,162,131,22,62,232,33,228,239,143,79,207,99,144,54,221,237,246,92,147,153,232,251,229,15,71,107,55,171,82
60,119,106,103,242,83,126,252,53,196,254,231,75,111,179,148,126,253,135,246,201,178,45,174,250,205,165,133,239,247,110,249
130,221,63,249,184,231,189,231,158,25,90,33,180,158,36,65,199,51,31,129,226,201,18,253,229,146,190,210,16,80,165,251
119,233,225,195,244,152,79,149,75,225,152,74,131,202,245,244,88,238,31,223,219,26,236,242,189,92,143,248,182,190,240,100
66,201,190,191,228,140,252,183,255,72,122,0,174,233,48,64,206,107,127,65,194,248,194,233,166,248,126,128,68,152,193,137
150,158,238,190,178,178,95,243,189,207,215,183,109,238,174,89,183,251,253,135,188,207,46,239,250,119,255,139,165,119,175,87
18,76,246,253,5,230,252,70,253,3,250,19,40,187,53,72,232,191,59,129,41,187,17,234,215,254,218,3,137,88,113,138
107,83,234,76,108,30,253,127,89,202,246,237,91,44,150,183,30,68,247,45,197,227,229,200,118,123,101,148,79,252,218,245
58,173,226,26,221,221,208,207,223,253,220,27,42,204,126,164,233,170,183,21,158,123,238,245,63,95,149,107,215,12,220,94
175,107,228,69,252,19,238,89,87,232,183,238,73,12,215,231,94,204,159,254,172,246,109,222,62,89,165,181,255,191,88,213
51,91,99,78,82,146,175,240,133,64,244,230,57,198,181,228,126,248,23,238,193,139,36,253,48,40,170,136,63,191,100,253
150,13,174,189,148,246,186,99,220,207,223,147,193,252,54,98,248,231,189,165,188,137,53,206,185,255,202,195,165,110,189,86
60,37,121,72,116,91,67,105,65,164,253,42,19,25,132,53,56,140,68,106,40,51,100,28,115,205,1,53,119,171,86,226
151,7,107,69,50,66,235,80,116,196,87,246,81,6,189,100,62,132,23,239,185,148,37,78,52,40,170,132,37,163,53,117
25,255,121,207,238,23,239,253,68,238,222,70,121,104,187,100,126,239,62,239,193,177,61,255,116,47,239,132,63,250,241,253
17,165,26,170,26,225,114,207,167,65,236,33,183,242,42,112,242,155,94,144,22,11,140,119,249,164,42,121,176,2,171,14
69,157,29,109,176,46,111,187,116,232,126,68,211,55,128,112,87,118,60,42,249,152,121,31,239,239,37,212,58,226,192,49
90,163,128,178,187,185,92,135,171,127,154,253,143,174,74,218,167,135,237,149,30,75,195,145,154,247,253,255,162,68,138,75
29,151,110,251,214,38,174,249,54,75,95,246,81,125,184,228,117,158,55,171,243,144,29,159,109,111,255,196,189,226,184,177
226,168,180,218,77,237,80,74,155,151,165,24,174,219,100,91,201,179,235,16,58,111,218,243,159,218,81,123,210,9,70,10
45,93,121,111,188,31,78,188,85,226,255,76,243,120,157,160,22,228,124,110,237,176,125,62,166,255,37,16,125,251,72,45
100,109,222,239,204,41,231,206,238,150,248,10,243,226,117,210,104,239,110,234,73,99,203,234,180,176,199,60,24,123,120,136
200,158,188,245,40,76,125,55,49,174,166,189,191,39,2,83,167,247,125,128,232,92,241,43,231,243,124,145,32,240,135,123
44,233,243,64,212,207,103,214,99,45,126,8,18,183,224,52,121,252,2,74,18,186,40,114,127,140,37,36,227,179,230,160
19,207,106,158,30,145,142,230,196,64,216,199,121,232,182,224,110,227,22,207,237,171,46,255,48,44,170,136,61,222,184,220
178,12,106,223,85,255,232,66,85,74,118,19,40,156,55,232,249,170,147,141,162,188,48,255,23,127,146,3,83,77,116,238
115,159,99,143,214,46,175,191,125,106,219,230,249,124,156,228,127,247,63,239,253,186,125,255,189,46,239,128,61,239,179,245
242,91,109,172,14,66,95,188,0,196,208,167,115,79,51,67,92,213,61,231,237,71,247,9,242,225,237,156,61,184,52,90
220,185,189,186,171,240,21,143,170,125,133,57,175,255,74,250,135,219,253,17,26,74,234,177,219,209,127,255,146,68,135,123
217,198,111,127,178,82,79,189,117,198,214,178,107,111,154,245,51,198,236,238,237,221,173,175,250,239,117,129,39,182,236,109
190,107,98,80,227,208,188,197,57,132,112,167,41,207,247,140,126,171,179,215,70,210,134,224,30,88,158,235,39,151,255,222
222,209,54,225,59,205,52,209,173,121,183,59,206,223,104,67,166,21,255,97,114,117,152,211,243,209,107,255,2,22,133,83
116,28,60,248,168,237,81,138,158,191,188,25,151,191,67,25,141,179,111,19,58,111,91,55,217,199,121,125,208,73,69,67
126,153,247,247,168,74,125,181,45,186,187,8,255,63,12,91,238,215,125,226,88,219,219,224,247,251,87,144,70,243,227,35
18,221,151,173,146,194,30,239,167,2,202,163,181,191,32,64,227,255,109,193,74,141,83,127,177,230,30,3,32,80,165,26
51,159,103,79,210,30,191,127,124,106,219,230,113,124,148,97,127,247,95,167,245,186,125,255,61,46,111,144,125,238,147,253
23,89,109,67,70,15,235,56,102,228,31,134,81,69,151,37,54,148,23,238,193,144,61,92,117,9,235,164,45,163,1,241
195,223,141,191,188,14,111,189,30,27,82,246,247,96,153,98,87,102,61,77,227,220,79,63,172,38,255,192,188,184,145,41
92,214,191,254,201,230,117,218,183,31,111,48,94,247,107,91,181,246,247,10,10,215,186,115,83,183,117,79,226,243,166,99
210,94,158,188,42,36,191,118,172,134,222,163,252,175,33,66,230,247,239,195,96,141,3,234,241,167,254,139,0,112,165,123
97,188,105,95,244,167,235,190,94,235,255,92,240,125,156,36,221,126,87,60,187,250,121,191,111,63,181,212,205,203,242,185
1,194,221,243,164,47,109,143,126,51,115,80,215,98,216,104,51,14,38,12,195,244,79,81,132,138,119,100,92,200,193,128
53,77,249,110,236,27,79,248,70,226,124,10,83,248,191,112,94,236,54,106,221,178,111,62,118,239,165,188,117,187,208,225
97,185,58,26,248,141,83,85,235,77,108,13,54,209,46,80,128,42,74,64,150,47,146,53,127,189,16,123,80,2,203,139
131,183,122,145,246,139,181,231,94,165,90,247,228,232,254,64,191,43,51,21,246,248,15,255,44,30,63,194,221,72,209,207
191,158,180,255,189,119,95,191,23,255,222,55,121,127,191,229,221,215,189,190,191,194,121,191,235,255,237,214,191,255,244,115
41,120,191,103,101,94,255,17,121,234,127,76,255,61,145,62,156,124,116,110,197,240,241,40,199,255,101,0,74,250,74,185
52,41,204,169,140,47,79,219,22,186,152,10,211,248,81,74,217,199,127,243,120,99,91,58,253,143,239,188,180,121,208,2
81,159,31,109,176,142,102,191,100,73,122,100,215,113,128,114,54,70,44,108,209,184,145,61,228,173,33,196,104,162,129,49
216,81,127,228,166,78,87,189,181,170,182,40,215,87,169,115,54,212,125,106,233,197,177,8,243,235,101,148,34,186,197,59
78,107,242,179,252,173,250,222,239,241,186,3,236,222,87,90,239,255,255,209,130,99,203,240,158,253,15,170,196,247,43,129
91,89,174,174,61,86,155,236,141,64,202,3,124,254,35,96,252,245,187,227,140,131,59,253,241,245,138,23,148,63,53,94
147,223,99,158,86,209,190,231,93,66,88,239,41,76,182,165,126,171,151,229,231,190,36,255,52,72,138,171,125,158,185,221
126,241,124,234,41,221,83,232,171,125,173,9,127,223,78,50,134,209,221,82,94,3,250,177,251,217,5,127,114,151,134,115
57,224,228,165,133,115,76,239,83,247,220,183,203,44,218,140,89,206,132,173,92,250,237,128,238,199,253,229,167,244,190,210
130,58,115,94,99,208,184,99,253,79,119,178,44,222,166,244,238,185,134,128,230,191,34,207,23,127,26,139,67,4,39,247
248,124,153,245,180,207,103,183,54,170,118,24,183,51,65,80,81,124,125,90,104,252,241,58,237,199,53,48,16,248,212,169
212,21,126,247,178,98,55,244,180,140,223,163,215,247,169,99,118,247,189,226,104,209,185,46,251,225,239,129,36,243,37,123
97,205,233,205,188,10,239,191,92,234,218,194,243,101,145,96,95,230,63,168,249,186,109,174,252,174,167,144,157,250,208,41
